﻿<?xml version="1.0" encoding="utf-8"?>
<CodeGeneration xmlns="http://schemas.beef.com/codegen/2015/01/database" RefDatabaseSchema="Ref" ConnectionString="Data Source=WIN-L09GBYXNS2\SQLSERVER2016;Initial Catalog=Green;Integrated Security=True" >
  <!-- Reference data stored procedures -->
  <Table Name="Gender" Schema="Ref" GetAll="true" Get="true" Create="true" Update="true" />

  <!-- Master data stored procedures. -->
  <Table Name="Person" Schema="Poc" Get="true" Create="true" Update="true" Delete="true" EfModel="true">
    <StoredProcedure Name="GetAll" Paging="true">
      <OrderBy Name="LastName" Order="Asc"/>
      <OrderBy Name="FirstName" Order="Asc"/>
    </StoredProcedure>
    <StoredProcedure Name="GetByArgs" Paging="true">
      <Parameter Name="FirstName" IsNullable="true" IsCollection="false" Operator="LIKE" />
      <Parameter Name="LastName" IsNullable="true" IsCollection="false" Operator="LIKE" />
      <Parameter Name="GenderId" IsNullable="true" IsCollection="true" />
      <OrderBy Name="LastName" Order="Asc"/>
      <OrderBy Name="FirstName" Order="Asc"/>
    </StoredProcedure>
  </Table>

  <Table Name="UserAd" Schema="Poc">
    <StoredProcedure Name="Get" Type="GetAll">
      <Parameter Name="UserAdId" />
    </StoredProcedure>
  </Table>
  <Table Name="UserAd" Schema="Poc" Update="true"  Delete="true" >     
  </Table>
  <!--<Table Name="Booking" Schema="Poc" Create="true">
    <StoredProcedure Name="GetByPersonId" Type="GetAll" Paging="true">
      <Parameter Name="PersonId" />
      <OrderBy Name="BookingDateTime" Order="Desc" />
    </StoredProcedure>
  <StoredProcedure Name="Get" Type="GetAll" Paging="true">
    <Parameter Name="BookingId" />
    <OrderBy Name="BookingDateTime" Order="Desc" />
  </StoredProcedure>  
</Table>

<Table Name="Booking" Schema="Demo" Update="true"  Delete="true" ExcludeColumns="PersonId">     
  </Table>-->
</CodeGeneration>