{
  "Sample": {
    "Title": "Authorization in a web app using Azure AD groups & group claims",
    "Level": 400,
    "Client": ".NET 4.6.1 Web App (MVC)",
    "Service": "ASP.NET Web API"
  },

  /*
    This section describes the Azure AD Applications to configure, and their dependencies
  */
  "AADApps": [
    {
      "Id": "service",
      "Name": "TaskTrackerWebApp-GroupClaims",
      "IsPublicClient": false,
      "HomePage": "https://localhost:44322/",
      "ReplyUrls": "https://localhost:44322/",
      "LogoutUrl": "https://localhost:44322/Account/EndSession",
      "PasswordCredentials": "Auto",
      "RequiredResourcesAccess": [
        {
          "Resource": "Microsoft Graph",
          "DelegatedPermissions": [ "Directory.Read.All" ]
        }
      ],
      "ManualSteps": [
        { "Comment": "Follow the instructions in Readme oh how to change the manifest to include GroupMembershipClaims." }
      ]
    }
  ],

  /*
    This section describes how to update the code in configuration files from the apps coordinates, once the apps
    are created in Azure AD.
    Each section describes a configuration file, for one of the apps, it's type (XML, JSon, plain text), its location
    with respect to the root of the sample, and the mappping (which string in the config file is mapped to which value
  */
  "CodeConfiguration": [
    {
      "App": "service",
      "SettingKind": "XML",
      "SettingFile": "\\..\\WebApp-GroupClaims-DotNet\\Web.Config",
      "Mappings": [
        {
          "key": "ida:ClientId",
          "value": ".AppId"
        },
        {
          "key": "ida:ClientSecret",
          "value": ".AppKey"
        },
        {
          "key": "ida:Domain",
          "value": "$tenantName"
        },
        {
          "key": "ida:TenantId",
          "value": "$tenantId"
        },
        {
          "key": "ida:PostLogoutRedirectUri",
          "value": ".HomePage"
        }
      ]
    }    
  ]
}
