﻿<?xml version="1.0" encoding="utf-8"?>
<CodeGeneration xmlns="http://schemas.beef.com/codegen/2015/01/entity" RefDataNamespace="Green.Poc.Common.Entities" ValidatorLayer="Business" MapperDefaultRefDataConverter="ReferenceDataNullableInt32IdConverter" EventPublish="true">
  <Entity Name="Person" Text="Person" Implements="IETag, IChangeLog" Collection="true" CollectionResult="true" Validator="PersonValidator" WebApiRoutePrefix="api/v1/poc/persons" Create="true" Delete="true" AutoImplement="Database" DatabaseSchema="Poc" EntityFrameworkEntity="EfModel.Person">
    <Property Name="Id" Text="{{Person}} identifier" Type="int" UniqueKey="true" DataAutoGenerated="true" DataName="PersonId" />
    <Property Name="FirstName" Type="string" />
    <Property Name="LastName" Type="string" />
    <Property Name="UniqueCode" Type="string" />
    <Property Name="Gender" Type="RefDataNamespace.Gender" RefDataType="string" DataName="GenderId" />
    <Property Name="Birthday" Type="DateTime" DateTimeTransform="DateOnly" />
    <Property Name="Address" Type="Address" IsEntity="true" DataDatabaseMapper="AddressData.DbMapper" DataEntityFrameworkIgnore="true" />
    <Property Name="ETag" ArgumentName="etag" Type="string" />
    <Property Name="ChangeLog" Type="ChangeLog" />

    <Operation Name="Get" OperationType="Get" UniqueKey="true" WebApiRoute="{id}" DataSvcTransaction="true" />

    <!-- Removed; the Entity Get="true" Create="true" Delete="true" are a shorthand! -->
    <Operation Name="Update" OperationType="Update" Validator="PersonValidator" UniqueKey="true" WebApiRoute="{id}" DataSvcTransaction="true" />

    <Operation Name="GetAll" OperationType="GetColl" PagingArgs="true" WebApiRoute="all" />
  </Entity>

  <Entity Name="PersonArgs" Text="{{Person}} arguments" ExcludeAll="true" >
    <Property Name="FirstName" Type="string" />
    <Property Name="LastName" Type="string" />
    <Property Name="Genders" Type="Gender" RefDataType="string" RefDataList="true" />
  </Entity>

  <Entity Name="Address" ExcludeAll="true" ExcludeData="false" AutoImplement="Database" >
    <Property Name="Street" Type="string" />
    <Property Name="City" Type="string" />
  </Entity>

  <Entity Name="UserAd" Text="UserAd" Implements="IETag, IChangeLog" Collection="true" CollectionResult="true" Validator="UserAdValidator" WebApiRoutePrefix="api/v1/poc/userads" Create="true" Delete="true" AutoImplement="Database" DatabaseSchema="Poc" EntityFrameworkEntity="EfModel.UserAd" Get="true" update="true">
    <Property Name="Id" Text="{{UserAd}} identifier" Type="int" UniqueKey="true" DataAutoGenerated="true" DataName="UserAdId" />
    <Property Name="Email" Type="string" />
    <Property Name="FirstName" Type="string" />
    <Property Name="LastName" Type="string" />   
    <Property Name="PassWord" Type="string" />
    <Property Name="Token" Type="string" />
    <Property Name="ETag" ArgumentName="etag" Type="string" />
    <Property Name="ChangeLog" Type="ChangeLog" />

    <Operation Name="Get" OperationType="Get" ReturnType="UserAd" >
      <Parameter Name="UserAdId" Type="int" />
    </Operation>
   
    <Operation Name="Update" OperationType="Update" Validator="UserAdValidator" >
      <Parameter Name="UserAdId" Type="int" />

    </Operation>
    <Operation Name="Delete" OperationType="Delete" UniqueKey="true" Type="Guid" >

    </Operation>
  </Entity>
    <!-- ODATA basic -->

  <!-- ODATA D365 -->
</CodeGeneration>